Date,AHETPI,EMRATIO,POPTHM,TOTLQ,W019RCQ027SBEA,A023RC1Q027SBEA,ASCOEPQ027S,ASTIWEQ027S,GDP,GNP,W006RC1Q027SBEA,UNRATE,Government,HNICTIQ027S,NationalIncome,FYGFD,IITTRHB,GDI,GINIALLRF
4/1/1964,2.52,55.87,191560.33,112.181,131.683,683.602,372676,76123,678.674,683.549,83.648,5.2,3.951,49723,70.797,316.1,77,678.727,0.36
7/1/1964,2.55,55.7,192256,113.031,131.223,696.146,380065,78555,692.031,697.079,85.964,5,4.139,51575,72.492,316.1,77,691.099,0.36
10/1/1964,2.56,55.63,192937.67,114.241,129.868,705.605,386147,79739,697.319,702.017,87.432,4.97,4.249,53223,71.69,316.1,77,700.907,0.36
1/1/1965,2.59,55.77,193466.67,115.982,131.44,725.589,392925,85308,717.79,723.225,93.352,4.9,4.323,56964,79.043,322.3,70,720.153,0.36
4/1/1965,2.62,56.1,193994,117.091,133.424,738.323,399920,87647,730.191,735.832,94.828,4.67,4.38,58415,81.806,322.3,70,732.682,0.36
7/1/1965,2.64,56.33,194646.67,118.082,139.931,751.157,408335,86765,749.323,754.576,92.916,4.37,4.43,57005,83.277,322.3,70,745.904,0.36
10/1/1965,2.67,56.47,195278.67,119.593,143.739,772.248,420458,90008,771.857,776.644,96.116,4.1,4.535,58272,88.313,322.3,70,767.461,0.36
1/1/1966,2.69,56.63,195763,121.655,150.057,794.328,433085,94234,795.734,800.732,98.692,3.87,4.847,61526,90.826,328.5,70,789.33,0.35
4/1/1966,2.72,56.8,196276.67,122.965,155.305,806.14,444388,98195,804.981,810.033,102.972,3.83,5.225,65567,91.204,328.5,70,801.087,0.35
7/1/1966,2.75,57,196876.67,123.808,161.733,819.364,455645,100010,819.638,824.605,104.296,3.77,5.634,67854,90.553,328.5,70,814.397,0.35
10/1/1966,2.78,57.27,197480.67,124.588,166.68,833.767,463780,102001,833.302,838.565,106.272,3.7,5.982,70565,88.953,328.5,70,828.504,0.35
1/1/1967,2.81,56.97,197967,124.729,176.472,842.018,469977,101807,844.17,849.391,105.788,3.83,5.921,71175,85.784,340.4,70,836.797,0.36
4/1/1967,2.83,57.13,198455.33,124.4,175.689,850.76,475619,101286,848.983,854.063,105.568,3.83,5.866,70942,85.602,340.4,70,845.68,0.36
7/1/1967,2.87,57.4,199012,125.192,181.526,868.451,485242,104441,865.233,870.922,108.372,3.8,6.199,73833,87.148,340.4,70,862.762,0.36
10/1/1967,2.91,57.53,199572,125.97,183.494,886.728,496206,108278,881.439,887.023,111.94,3.9,6.462,75894,91.881,340.4,70,881.144,0.36
1/1/1968,2.95,57.23,199994.67,126.49,188.848,909.948,510860,115020,909.387,915.204,118.228,3.73,7.13,78564,95.276,368.7,75.25,904.131,0.35
4/1/1968,3,57.67,200451.67,127.532,195.598,933.464,523980,118729,934.344,940.344,121.904,3.57,7.608,81665,97.59,368.7,75.25,927.464,0.35
7/1/1968,3.05,57.53,200997.33,128.673,198.456,955.53,537809,128977,950.825,957.077,132.152,3.53,8.1,91861,98.14,368.7,75.25,949.278,0.35
10/1/1968,3.1,57.6,201537.67,129.327,202.643,975.457,550305,133878,968.03,974.301,136.584,3.4,8.526,95858,100.619,368.7,75.25,969.186,0.35
1/1/1969,3.14,57.8,201955,130.641,201.334,995.069,562744,141302,993.337,999.671,143.02,3.4,8.94,102602,100.694,365.8,77,988.736,0.35
4/1/1969,3.19,57.9,202419,131.757,205.6,1013.559,576697,143128,1009.02,1015.181,145.064,3.43,9.316,105660,97.803,365.8,77,1007.398,0.35
7/1/1969,3.24,58.07,202985.67,132.609,210.616,1034.407,593413,140207,1029.956,1035.904,141.652,3.57,10.287,104139,94.702,365.8,77,1028.459,0.35
10/1/1969,3.3,58.1,203583.67,132.84,213.885,1045.556,604895,141219,1038.147,1044.164,142.068,3.57,10.533,105623,93.411,365.8,77,1039.539,0.35
1/1/1970,3.33,57.93,204085.67,132.152,218.169,1053.35,614930,135649,1051.2,1057.487,135.748,4.17,10.77,104573,86.399,380.9,71.75,1047.063,0.35
4/1/1970,3.38,57.57,204721.33,131.285,228.059,1068.494,620210,136668,1067.375,1074.012,136.872,4.77,10.853,105512,86.35,380.9,71.75,1061.858,0.35
7/1/1970,3.43,57.2,205418.67,130.456,230.256,1086.062,628171,132801,1086.059,1092.643,132.8,5.17,10.979,100657,88.276,380.9,71.75,1079.478,0.35
10/1/1970,3.47,56.87,206129.67,129.583,234.564,1089.525,629984,132214,1088.608,1094.672,132.3,5.83,11.01,101538,84.026,380.9,71.75,1083.461,0.35
1/1/1971,3.55,56.6,206763,129.905,235.396,1129.26,647880,132715,1135.156,1142.57,133.248,5.93,11.301,98331,94.536,408.2,70,1121.846,0.36
4/1/1971,3.6,56.47,207362,130.473,248.015,1151.968,659773,136030,1156.271,1164.246,134.872,5.9,12.164,100714,97.736,408.2,70,1143.993,0.36
7/1/1971,3.65,56.57,207999.67,130.843,248.382,1172.71,670088,136859,1177.675,1184.935,135.276,6.03,12.539,102307,101.096,408.2,70,1165.45,0.36
10/1/1971,3.7,56.73,208642.33,131.632,251.59,1197.762,682154,140448,1190.297,1198.025,137.648,5.93,13.756,105468,103.715,408.2,70,1190.034,0.36
1/1/1972,3.82,56.77,209141.67,133.781,263.885,1233.808,708354,156925,1230.609,1238.784,150.632,5.77,15.911,119785,109.925,435.9,70,1225.633,0.36
4/1/1972,3.87,56.97,209637.33,135.1,273.947,1257.19,722473,160830,1266.369,1274.485,153.08,5.7,17.317,123370,111.285,435.9,70,1249.074,0.36
7/1/1972,3.92,57.03,210180.67,135.977,264.747,1290.599,735744,163045,1290.566,1299.485,155.1,5.57,17.496,124277,115.772,435.9,70,1281.68,0.36
10/1/1972,3.99,57.17,210736.67,137.355,287.431,1340.45,758766,170200,1328.904,1337.927,161.256,5.37,18.064,127128,126.556,435.9,70,1331.427,0.36
1/1/1973,4.05,57.47,211192.33,139.21,285.337,1381.489,785423,172415,1377.49,1388.16,163.716,4.93,18.026,126399,141.563,466.3,70,1370.819,0.36
4/1/1973,4.1,57.8,211663,140.476,293.03,1411.135,803227,175217,1413.887,1425.513,166.456,4.93,18.393,129181,145.069,466.3,70,1399.51,0.36
7/1/1973,4.17,57.87,212191.33,141.247,285.608,1445.235,820420,178073,1433.838,1447.715,168.66,4.8,19.099,134089,145.145,466.3,70,1431.358,0.36
10/1/1973,4.23,58.17,212708,141.856,294.608,1489.536,841710,186451,1476.289,1490.591,175.876,4.77,19.938,139959,152.745,466.3,70,1475.233,0.36
1/1/1974,4.29,58.2,213144,142.045,305.593,1508.215,858356,187396,1491.209,1508.276,177.044,5.13,19.166,142792,157.26,483.9,70,1491.147,0.36
4/1/1974,4.39,58,213602.33,141.76,309.908,1536.763,878511,195566,1530.056,1546.453,184.556,5.2,19.938,148902,162.207,483.9,70,1520.366,0.36
7/1/1974,4.49,57.83,214147,142.087,331.916,1571.733,900218,206423,1560.026,1575.303,193.832,5.63,20.965,154911,172.572,483.9,70,1556.457,0.36
10/1/1974,4.58,57.27,214699.67,140.649,342.122,1596.494,913860,203747,1599.679,1613.018,190.652,6.6,21.335,157587,154.068,483.9,70,1583.155,0.36
1/1/1975,4.64,56.17,215135.33,137.403,362.069,1612.119,918423,196300,1616.116,1627.512,183.944,8.27,21.43,157988,133.019,541.9,70,1600.723,0.36
4/1/1975,4.69,55.9,215651.67,136.416,383.701,1649.626,931218,162488,1651.853,1663.509,150.556,8.87,22.075,121068,140.826,541.9,70,1637.971,0.36
7/1/1975,4.77,56.07,216289.33,137.48,392.615,1713.813,956033,204855,1709.82,1722.818,192.616,8.47,22.707,152831,167.855,541.9,70,1700.815,0.36
10/1/1975,4.85,56.07,216847.67,139.125,402.201,1762.671,983422,211841,1761.831,1777.797,198.704,8.3,23.6,158541,177.391,541.9,70,1746.705,0.36
1/1/1976,4.93,56.53,217314,141.382,406.386,1817.548,1014752,223347,1820.487,1836.233,204.383,7.73,24.775,162503,193.546,629,70,1801.802,0.36
4/1/1976,5.01,56.87,217776,141.821,405.05,1848.046,1035541,228717,1852.332,1868.977,209.755,7.57,25.816,169337,195.931,629,70,1831.401,0.36
7/1/1976,5.1,56.97,218337.67,142.056,417.609,1886.313,1058412,235108,1886.558,1903.677,215.427,7.73,26.73,176128,197.82,629,70,1869.194,0.36
10/1/1976,5.2,56.97,218917.33,143.142,430.145,1926.518,1084831,241184,1934.273,1952.15,220.003,7.77,27.715,182716,197.559,629,70,1908.64,0.36
1/1/1977,5.29,57.2,219426.67,144.012,435.795,1981.672,1113341,251718,1988.648,2009.413,228.932,7.5,28.644,188798,212.751,706.4,70,1960.906,0.36
4/1/1977,5.39,57.77,219956,146.385,443.204,2055.958,1150353,264111,2055.909,2076.658,239.908,7.13,29.799,195691,227.171,706.4,70,2035.208,0.36
7/1/1977,5.48,57.97,220572.67,147.998,455.783,2118.754,1182171,269391,2118.473,2139.358,244.424,6.9,30.931,198551,235.983,706.4,70,2097.868,0.36
10/1/1977,5.58,58.5,221201,149.541,469.307,2174.303,1217684,280312,2164.27,2183.039,253.3,6.67,32.166,208476,238.067,706.4,70,2155.534,0.36
1/1/1978,5.69,58.8,221718.67,150.062,482.319,2222.063,1251010,278188,2202.76,2224.853,252.624,6.33,33.365,211996,238.131,776.6,70,2199.97,0.36
4/1/1978,5.82,59.33,222281.33,153.829,491.498,2328.334,1299226,303092,2331.633,2350.382,275.452,6,34.715,223084,270.75,776.6,70,2309.586,0.36
7/1/1978,5.93,59.4,222932.67,155.429,511.231,2386.747,1336958,316526,2395.053,2415.943,288.508,6.03,35.391,236298,277.887,776.6,70,2365.857,0.36
10/1/1978,6.06,59.77,223583,156.801,524.09,2462.275,1380257,332198,2476.949,2501.54,302.716,5.9,36.453,247218,294.871,776.6,70,2437.684,0.36
1/1/1979,6.18,60,224152,157.739,528.925,2527.379,1422587,335549,2526.61,2552.29,305.111,5.87,36.332,253625,294.422,829.5,70,2501.699,0.37
4/1/1979,6.27,59.83,224737,158.137,542.191,2579.684,1454820,344110,2591.247,2620.698,313.483,5.7,36.313,261998,303.013,829.5,70,2550.233,0.37
7/1/1979,6.4,59.93,225418.33,159.458,564.415,2645.249,1496791,355863,2667.565,2703.659,321.235,5.87,39.551,274827,306.828,829.5,70,2609.155,0.37
10/1/1979,6.51,60,226117.33,159.773,577.308,2704.499,1535010,363078,2723.883,2760.381,327.619,5.97,40.66,285202,300.304,829.5,70,2668.001,0.37
1/1/1980,6.63,59.9,226754,159.703,608.276,2759.719,1573692,370213,2789.842,2827.831,334.369,6.3,40.437,284825,308.632,909,70,2721.73,0.37
4/1/1980,6.77,59.13,227389,157.91,635.802,2777.207,1599268,357106,2797.352,2833.163,329.157,7.33,41.734,292174,259.646,909,70,2741.396,0.37
7/1/1980,6.91,58.83,228070.67,156.932,663.6,2858.124,1628697,374339,2856.483,2890.897,346.541,7.67,43.049,302195,274.406,909,70,2823.711,0.37
10/1/1980,7.08,58.97,228689.67,158.694,672.25,2993.203,1687725,398326,2985.557,3014.083,367.909,7.4,45.156,318854,288.347,909,70,2964.677,0.37
1/1/1981,7.23,59.23,229155.33,159.293,707.577,3096.018,1739768,409038,3124.206,3155.609,389.143,7.43,45.985,330898,291.311,994.8,69.13,3064.614,0.37
4/1/1981,7.37,59.37,229673.67,159.504,719.178,3156.683,1774906,411748,3162.532,3192.545,393.071,7.4,47.018,342672,270.691,994.8,69.13,3126.669,0.37
7/1/1981,7.51,58.97,230301.33,159.359,737.44,3263.892,1815241,428535,3260.609,3293.303,404.735,7.4,48.761,356887,278.516,994.8,69.13,3231.198,0.37
10/1/1981,7.62,58.53,230903.67,158.711,764.786,3290.967,1840808,415059,3280.818,3318.447,390.203,8.23,49.884,352663,265.981,994.8,69.13,3253.338,0.37
1/1/1982,7.73,58.17,231395,156.205,776.728,3308.018,1864869,403127,3274.302,3310.294,373.505,8.83,50.246,352515,234.08,1137.3,50,3272.026,0.38
4/1/1982,7.82,57.97,231906,156.91,796.653,3367.474,1884558,412471,3331.972,3372.9,377.697,9.43,50.866,359735,238.1,1137.3,50,3326.545,0.38
7/1/1982,7.93,57.7,232498,155.761,822.7,3395.655,1904945,403361,3366.322,3401.349,366.537,9.9,53.064,350149,233.94,1137.3,50,3360.628,0.38
10/1/1982,7.98,57.3,233074.33,154.712,850.183,3414.654,1918325,405189,3402.561,3436.654,369.325,10.67,53.372,356573,223.19,1137.3,50,3380.562,0.38
1/1/1983,8.08,57.13,233546,155.58,866.856,3476.739,1947394,401113,3473.413,3507.464,366.026,10.37,53.693,350873,226.41,1371.7,50,3442.689,0.38
4/1/1983,8.16,57.47,234028.33,156.956,871.501,3563.3,1986471,424885,3578.848,3615.589,388.038,10.13,56.542,359553,260.694,1371.7,50,3526.559,0.38
7/1/1983,8.23,58.23,234603,159.594,896.644,3651.31,2029805,419416,3689.179,3727.046,377.326,9.37,60.204,345432,280.503,1371.7,50,3613.443,0.38
10/1/1983,8.32,58.63,235153.33,161.918,900.154,3765.346,2086974,431778,3794.706,3834.386,386.546,8.53,62.701,355658,287.942,1371.7,50,3725.666,0.38
1/1/1984,8.39,59,235604.67,164.509,913.474,3903.092,2144073,449610,3908.054,3945.094,401,7.87,65.049,361174,308.544,1564.6,50,3866.052,0.38
4/1/1984,8.46,59.63,236082.33,166.474,934.407,4000.297,2195373,457588,4009.601,4047.14,407.192,7.43,67.393,370444,308.101,1564.6,50,3962.759,0.38
7/1/1984,8.52,59.7,236657.33,167.691,950.602,4077.525,2241817,458854,4084.25,4121.606,409.792,7.43,68.102,384110,287.037,1564.6,50,4040.168,0.38
10/1/1984,8.58,59.8,237232.67,168.969,987.607,4148.302,2283068,471520,4148.551,4181.775,420.74,7.3,69.34,395936,289.279,1564.6,50,4115.077,0.38
1/1/1985,8.64,60.03,237672.67,169.751,1000.093,4216.785,2323735,512797,4230.168,4255.859,458.534,7.23,70.249,432285,285.28,1817.4,50,4191.093,0.39
4/1/1985,8.71,60,238175.67,171.196,1020.605,4275.782,2363862,467336,4294.887,4322.557,411.414,7.3,71.769,388524,284.662,1817.4,50,4248.112,0.39
7/1/1985,8.77,60.07,238789.33,172.031,1039.807,4348.04,2406632,506267,4386.773,4409.267,449.822,7.2,72.181,421527,294.63,1817.4,50,4325.546,0.39
10/1/1985,8.82,60.37,239386.67,172.981,1055.063,4399.687,2455929,511292,4444.094,4469.698,451.882,7.03,74.289,428916,294.025,1817.4,50,4374.084,0.39
1/1/1986,8.87,60.47,239860.67,172.858,1061.329,4461.438,2493036,514144,4507.894,4530.053,450.793,7.03,74.965,426304,264.68,2120.5,50,4439.28,0.39
4/1/1986,8.9,60.57,240367.67,172.843,1081.818,4484.034,2519014,517821,4545.34,4560.834,452.337,7.17,75.357,429417,261.373,2120.5,50,4468.54,0.39
7/1/1986,8.93,60.8,240961.67,173.39,1116.762,4533.206,2556896,529471,4607.669,4625.847,462.097,6.97,77.667,439467,261.503,2120.5,50,4515.027,0.39
10/1/1986,8.99,60.93,241539,174.534,1096.907,4587.452,2606435,557272,4657.627,4669.623,482.909,6.83,81.807,456036,277.22,2120.5,50,4575.455,0.39
1/1/1987,9.05,61.1,242009.33,176.596,1103.86,4666.546,2649361,552274,4722.156,4736.524,480.364,6.6,82.077,450732,289.374,2346,38.5,4652.187,0.39
4/1/1987,9.1,61.43,242520,178.048,1124.428,4777.275,2693567,626793,4806.16,4824.292,545.316,6.27,90.923,511671,330.457,2346,38.5,4759.142,0.39
7/1/1987,9.16,61.67,243120.33,179.284,1127.403,4882.717,2741443,608860,4884.555,4902.321,534.536,6,83.369,488976,350.053,2346,38.5,4864.953,0.39
10/1/1987,9.26,61.9,243720.67,180.88,1149.211,4988.962,2810672,621229,5007.994,5027.678,545.447,5.83,87.467,506969,353.278,2346,38.5,4969.278,0.39
1/1/1988,9.3,62,244207.67,181.488,1159.032,5093.051,2858473,614661,5073.372,5098.36,538.868,5.7,88.279,502070,362.23,2601.1,28,5068.055,0.4
4/1/1988,9.39,62.17,244716.67,183.236,1160.874,5199.089,2924054,617807,5190.036,5212.852,542.697,5.47,85.8,497805,385.181,2601.1,28,5176.274,0.4
7/1/1988,9.47,62.37,245354,184.369,1166.562,5305.69,2976558,635788,5282.835,5302.996,552.924,5.47,92.491,506668,393.782,2601.1,28,5285.53,0.4
10/1/1988,9.58,62.6,245966.33,186.275,1197.778,5426.522,3036327,652564,5399.509,5422.172,564.743,5.33,95.826,517213,412.231,2601.1,28,5403.861,0.4
1/1/1989,9.68,62.9,246460.33,188.28,1216.989,5516.05,3080126,690049,5511.253,5533.649,598.209,5.2,101.291,552879,412.27,2867.8,28,5493.644,0.4
4/1/1989,9.75,62.93,247017.33,189.28,1236.323,5564.085,3115774,689658,5612.463,5634.129,594.565,5.23,105.833,566694,391.61,2867.8,28,5542.42,0.4
7/1/1989,9.84,62.97,247698.33,189.59,1257.953,5630.332,3156319,690515,5695.365,5719.661,601.42,5.23,102.142,571581,376.843,2867.8,28,5606.037,0.4
10/1/1989,9.94,62.97,248374.33,190.328,1271.381,5683.037,3211327,698405,5747.237,5778.036,610.382,5.37,99.814,579785,376.892,2867.8,28,5652.24,0.4
1/1/1990,10.07,63.2,248936.33,190.615,1308.205,5797.327,3274921,699276,5872.701,5902.22,607.186,5.3,106.638,582523,385.623,3206.3,28,5767.812,0.4
4/1/1990,10.16,63,249711,190.891,1332.449,5896.422,3336913,716278,5960.028,5991.651,620.34,5.33,109.512,594611,404.009,3206.3,28,5864.799,0.4
7/1/1990,10.25,62.67,250594.67,190.656,1342.011,5937.88,3374835,725864,6015.116,6042.253,628.133,5.7,110.751,600726,413.339,3206.3,28,5910.743,0.4
10/1/1990,10.32,62.33,251481.67,189.403,1389.495,5977.512,3384050,724519,6004.733,6055.22,626.593,6.13,111.475,600814,413.234,3206.3,28,5927.023,0.4
1/1/1991,10.39,61.9,252257.33,188.294,1325.372,6012.115,3389868,700929,6035.178,6074.636,613.433,6.6,107.95,580772,423.45,3598.2,31,5972.649,0.4
4/1/1991,10.49,61.77,253062.67,187.13,1388.654,6062.64,3430273,701921,6126.862,6155.42,612.927,6.83,111.221,585925,425.449,3598.2,31,6034.081,0.4
7/1/1991,10.56,61.57,253965.33,187.326,1438.653,6123.264,3472728,707153,6205.937,6231.047,616.693,6.87,112.227,590237,431.732,3598.2,31,6098.155,0.4
10/1/1991,10.61,61.37,254835.33,187.853,1445.678,6188.96,3520192,716854,6264.54,6297.761,625.41,7.1,115.482,598671,436.638,3598.2,31,6155.738,0.4
1/1/1992,10.67,61.43,255585,187.587,1493.079,6317.254,3598666,719328,6363.102,6395.836,627.451,7.37,112.714,588897,459.017,4001.8,31,6284.521,0.4
4/1/1992,10.74,61.53,256439.33,188.429,1513.167,6407.04,3654900,739540,6470.763,6502.819,637.932,7.6,122.258,607169,473.119,4001.8,31,6374.987,0.4
7/1/1992,10.81,61.53,257385.67,188.062,1534.869,6455.657,3691394,743998,6566.641,6595.851,642.804,7.63,121.935,616201,451.034,4001.8,31,6426.443,0.4
10/1/1992,10.87,61.37,258276.67,189.456,1558.025,6561.906,3739889,775999,6680.803,6711.112,673.51,7.37,124.601,638942,467.072,4001.8,31,6531.606,0.4
1/1/1993,10.96,61.43,259039.33,190.769,1553.356,6582.626,3748676,758733,6729.459,6766.665,656.938,7.13,121.765,617005,470.684,4351,39.6,6545.416,0.43
4/1/1993,11.01,61.67,259826,192.626,1560.323,6694.385,3803527,797629,6808.939,6839.59,694.565,7.07,123.948,643507,497.402,4351,39.6,6663.732,0.43
7/1/1993,11.07,61.83,260714.33,193.444,1577.485,6752.919,3837401,805593,6882.098,6918.254,699.151,6.8,128.663,659210,502.315,4351,39.6,6716.772,0.43
10/1/1993,11.15,61.9,261546.67,195.04,1599.575,6905.156,3892833,853252,7013.738,7034.356,746.417,6.63,130.524,675296,553.377,4351,39.6,6884.53,0.43
1/1/1994,11.23,62.2,262249.66,196.625,1569.243,6983.103,3917304,829588,7115.652,7143.011,727.521,6.57,131.395,673667,560.915,4643.3,39.6,6955.743,0.43
4/1/1994,11.29,62.37,263020.66,199.186,1588.706,7120.734,3995615,861963,7246.931,7269.779,767.039,6.2,125.763,697839,582.456,4643.3,39.6,7097.889,0.43
7/1/1994,11.36,62.53,263870,200.997,1623.282,7226.186,4035771,875608,7331.075,7352.37,770.302,6,135.082,695382,619.929,4643.3,39.6,7204.883,0.43
10/1/1994,11.45,63,264678.34,202.176,1643.25,7350.967,4092136,895816,7455.288,7475.65,788.991,5.63,136.724,705402,643.516,4643.3,39.6,7330.608,0.43
1/1/1995,11.52,63.07,265388.34,203.544,1667.291,7431.014,4138481,919359,7522.289,7552.116,803.103,5.47,140.623,724613,662.349,4920.6,39.6,7401.194,0.42
4/1/1995,11.59,62.83,266141.66,203.74,1680.556,7512.712,4176938,937841,7580.997,7613.638,826.947,5.67,136.122,746808,682.223,4920.6,39.6,7480.079,0.42
7/1/1995,11.7,62.83,267000.66,205.103,1664.223,7628.409,4223789,950242,7683.125,7701.977,830.271,5.67,144.241,752216,696.765,4920.6,39.6,7609.555,0.42
10/1/1995,11.78,62.8,267820.34,205.514,1682.7,7726.604,4269498,963981,7772.586,7803.073,842.468,5.57,145.962,769990,699.668,4920.6,39.6,7696.11,0.42
1/1/1996,11.87,62.87,268487.34,205.272,1731.116,7856.62,4318408,1003391,7868.468,7905.735,875.999,5.53,148.999,801731,726.619,5181.5,39.6,7819.355,0.43
4/1/1996,11.98,63.07,269251.34,207.898,1737.194,7994.958,4391572,1052955,8032.84,8061.846,921.58,5.5,149.633,839564,740.315,5181.5,39.6,7965.95,0.43
7/1/1996,12.09,63.33,270128.34,209.707,1735.773,8091.548,4455328,1057258,8131.408,8157.22,923.88,5.27,152.847,843542,736.36,5181.5,39.6,8065.739,0.43
10/1/1996,12.2,63.43,270991.66,211.53,1737.909,8240.484,4518961,1080275,8259.771,8291.163,946.372,5.33,157.825,863498,751.667,5181.5,39.6,8209.098,0.43
1/1/1997,12.32,63.47,271709,212.348,1751.051,8372.374,4596567,1120313,8362.655,8385.773,978.033,5.23,160.726,902112,764.966,5369.2,39.6,8349.259,0.43
4/1/1997,12.43,63.73,272487.34,213.78,1745.817,8505.004,4664319,1138711,8518.825,8549.503,1004.394,5,159.572,916234,787.741,5369.2,39.6,8474.339,0.43
7/1/1997,12.56,63.9,273390.66,215.383,1776.006,8670.267,4743318,1175310,8662.823,8685.903,1032.495,4.87,166.757,941108,821.463,5369.2,39.6,8647.179,0.43
10/1/1997,12.71,64,274245.66,217.145,1803.842,8809.416,4848680,1191997,8765.907,8782.231,1045.441,4.67,171.613,967830,813.375,5369.2,39.6,8793.083,0.43
1/1/1998,12.83,64,274950,218.52,1783.291,8923.233,4946382,1218277,8866.48,8891.834,1063.588,4.63,177.707,996132,736.753,5478.2,39.6,8897.873,0.43
4/1/1998,12.96,64.07,275703.34,219.589,1789.629,9067.097,5032752,1241289,8969.699,8992.195,1081.512,4.4,183.227,1022352,731.17,5478.2,39.6,9044.608,0.43
7/1/1998,13.06,64.03,276563.66,220.225,1806.229,9217.433,5119465,1268666,9121.097,9130.667,1108.773,4.53,183.384,1043209,733.218,5478.2,39.6,9207.889,0.43
10/1/1998,13.18,64.2,277400,222.374,1835.281,9334.067,5204208,1288670,9293.991,9306.215,1127.159,4.43,187.762,1067989,711.168,5478.2,39.6,9321.823,0.43
1/1/1999,13.3,64.27,278103.34,223.047,1835.529,9501.545,5294986,1304417,9417.264,9438.205,1142.659,4.3,189.319,1077946,749.51,5605.5,39.6,9480.603,0.43
4/1/1999,13.42,64.23,278863.66,224.587,1847.184,9598.256,5351497,1318709,9524.152,9550.036,1158.005,4.27,190.54,1095158,761.403,5605.5,39.6,9572.374,0.43
7/1/1999,13.55,64.2,279751,225.643,1872.809,9720.451,5430455,1348206,9681.856,9704.595,1182.148,4.23,197.424,1120596,764.385,5605.5,39.6,9697.711,0.43
10/1/1999,13.67,64.37,280592.34,227.05,1931.552,9936.59,5562791,1385867,9899.378,9931.958,1215.337,4.07,204.845,1153957,788.155,5605.5,39.6,9904.013,0.43
1/1/2000,13.8,64.6,281304.34,228.642,1899.995,10208.867,5756349,1452064,10002.857,10031.808,1272.073,4.03,212.702,1208755,770.883,5628.7,39.6,10179.913,0.43
4/1/2000,13.94,64.53,282002,229.468,1942.794,10330.189,5799292,1471870,10247.679,10279.56,1284.187,3.93,224.026,1230160,761.52,5628.7,39.6,10298.308,0.43
7/1/2000,14.07,64.2,282768.66,229.695,1950.214,10466.969,5911457,1470502,10319.825,10347.082,1291.65,4,217.048,1247708,736.092,5628.7,39.6,10439.71,0.43
10/1/2000,14.23,64.3,283518.66,229.417,1981.39,10528.626,5951419,1484674,10439.025,10491.035,1306.215,3.9,215.64,1258695,717.789,5628.7,39.6,10476.619,0.43
1/1/2001,14.36,64.33,284168.66,229.252,2015.413,10704.006,6057905,1490501,10472.879,10510.594,1301,4.23,231.612,1301904,717.433,5769.9,39.1,10666.29,0.44
4/1/2001,14.5,63.83,284837.34,227.725,2047.246,10762.409,6048790,1491559,10597.822,10644.451,1291.202,4.4,240.092,1308869,734.373,5769.9,39.1,10715.779,0.44
7/1/2001,14.59,63.47,285583.34,226.838,2080.538,10732.963,6032702,1276451,10596.294,10619.9,1104.283,4.83,212.146,1113622,668.439,5769.9,39.1,10709.358,0.44
10/1/2001,14.71,63.03,286311.34,224.932,2091.521,10775.388,6045976,1378268,10660.294,10747.342,1210.806,5.5,209.494,1231793,635.928,5769.9,39.1,10688.339,0.44
1/1/2002,14.79,62.83,286935,223.956,2158.408,10893.475,6068740,1222523,10788.952,10837.73,1055.567,5.7,207.451,1075158,685.452,6198.4,38.6,10844.698,0.43
4/1/2002,14.89,62.77,287574,224.772,2191.647,11005.436,6137268,1204660,10893.207,10923.146,1051.808,5.83,193.621,1050988,749.824,6198.4,38.6,10975.498,0.43
7/1/2002,15.02,62.8,288302.66,224.381,2208.623,11082.281,6165291,1205927,10992.051,11035.492,1047.885,5.73,198.124,1044121,813.945,6198.4,38.6,11038.84,0.43
10/1/2002,15.16,62.53,289006.66,224.329,2269.361,11236.34,6202172,1218297,11071.463,11130.278,1057.477,5.87,197.94,1038444,904.966,6198.4,38.6,11177.524,0.43
1/1/2003,15.26,62.47,289609,222.839,2308.053,11289.078,6221885,1221290,11183.507,11226.655,1062.924,5.87,196.511,1021348,921.467,6760,35,11245.93,0.44
4/1/2003,15.32,62.33,290252.66,222.399,2394.107,11431.024,6315763,1217251,11312.875,11368.273,1074.61,6.13,186.025,1020795,919.833,6760,35,11375.63,0.44
7/1/2003,15.41,62.07,290974,222.223,2400.283,11607.846,6402369,1168316,11567.326,11621.763,994.708,6.13,211.548,950666,981.564,6760,35,11553.412,0.44
10/1/2003,15.45,62.2,291669.34,222.921,2436.859,11792.253,6509165,1262349,11769.275,11849.731,1083.214,5.83,217.012,1021343,1057.618,6760,35,11711.797,0.44
1/1/2004,15.53,62.27,292236.66,224.394,2482.079,11999.655,6550843,1263667,11920.169,12018.97,1086.156,5.7,215.085,1012259,1179.638,7354.7,35,11900.853,0.44
4/1/2004,15.63,62.33,292875.34,224.783,2488.985,12220.705,6678479,1298341,12108.987,12182.398,1122.2,5.6,210.441,1026759,1239.285,7354.7,35,12147.294,0.44
7/1/2004,15.73,62.4,293603.34,225.395,2531.824,12450.704,6813400,1357119,12303.34,12386.854,1165.545,5.43,223.315,1064383,1302.93,7354.7,35,12367.189,0.44
10/1/2004,15.84,62.4,294334,226.353,2576.516,12585.948,6874482,1389899,12522.425,12579.436,1188.485,5.43,236.702,1091579,1308.967,7354.7,35,12528.937,0.44
1/1/2005,15.93,62.4,294957.34,227.272,2660.609,12839.358,6937715,1548024,12761.337,12851.097,1326.264,5.3,243.7,1172277,1604.404,7905.3,35,12749.599,0.44
4/1/2005,16.04,62.73,295588.34,228.002,2681.718,13031.718,7017127,1560255,12910.022,12987.61,1343.299,5.1,244.468,1196293,1616.546,7905.3,35,12954.13,0.44
7/1/2005,16.17,62.83,296340.34,229.488,2775.443,13255.404,7134214,1595729,13142.873,13230.073,1374.911,4.97,249.595,1225480,1667.23,7905.3,35,13168.203,0.44
10/1/2005,16.31,62.77,297085.66,230.457,2783.528,13542.703,7221831,1664811,13332.316,13389.59,1426.819,4.97,258.465,1255774,1772.577,7905.3,35,13485.428,0.44
1/1/2006,16.48,63,297736.66,232.248,2837.921,13868.733,7391390,1741862,13603.933,13662.717,1492.519,4.73,268.055,1320481,1809.292,8451.4,35,13809.949,0.44
4/1/2006,16.67,63.07,298408,232.784,2868.053,14005.347,7439589,1783892,13749.806,13802.956,1518.932,4.63,283.087,1351258,1857.786,8451.4,35,13952.197,0.44
7/1/2006,16.82,63.07,299180,233.85,2884.735,14152.092,7498469,1809904,13867.469,13907.106,1557.724,4.63,270.879,1358615,1896.081,8451.4,35,14112.456,0.44
10/1/2006,16.98,63.33,299946,234.728,2837.414,14262.901,7635573,1812779,14037.228,14087.456,1569.927,4.43,274.771,1397497,1813.484,8451.4,35,14212.673,0.44
1/1/2007,17.15,63.3,300609.66,234.72,2994.367,14395.864,7816971,1885164,14208.569,14260.827,1606.513,4.5,293.265,1466544,1744.562,8950.7,35,14343.607,0.43
4/1/2007,17.34,63,301283.66,236.081,3034.19,14548.846,7856222,1909239,14382.363,14456.794,1619.091,4.5,304.777,1495933,1814.11,8950.7,35,14474.414,0.43
7/1/2007,17.51,62.83,302062.66,236.085,3057.979,14569.721,7895385,1875359,14535.003,14666.605,1602.248,4.67,292.303,1498852,1722.347,8950.7,35,14438.119,0.43
10/1/2007,17.63,62.77,302828.66,236.939,3102.528,14659.542,7988896,1867322,14681.501,14859.307,1602.775,4.8,286.831,1508627,1726.757,8950.7,35,14481.736,0.43
1/1/2008,17.8,62.8,303493.66,236.303,3165.572,14695.504,8067816,1833122,14651.039,14812.719,1551.383,5,306.578,1535137,1558.756,9986.1,35,14533.824,0.44
4/1/2008,17.98,62.53,304159.66,235.388,3501.601,14747.568,8066295,1837694,14805.611,14971.515,1528.239,5.33,334.174,1552464,1570.559,9986.1,35,14581.664,0.44
7/1/2008,18.16,62.03,304902.34,233.555,3346.552,14817.578,8085250,1768146,14835.187,15020.055,1494.271,6,297.011,1497496,1496.693,9986.1,35,14632.71,0.44
10/1/2008,18.31,61.37,305616.66,230.197,3518.684,14478.958,8055357,1614715,14559.543,14665.524,1384.171,6.87,278.513,1444906,891.223,9986.1,35,14372.977,0.44
1/1/2009,18.45,60.27,306236.66,225.276,3594.246,14250.785,7739385,1374341,14394.547,14511.592,1144.195,8.27,254.463,1202365,1254.684,11875.9,35,14133.74,0.44
4/1/2009,18.54,59.6,306866,221.191,3796.155,14290.394,7770265,1326432,14352.85,14468.341,1102.464,9.3,249.015,1131101,1356.958,11875.9,35,14174.903,0.44
7/1/2009,18.65,59.03,307572.66,218.884,3741.244,14418.621,7754474,1341717,14420.312,14591.831,1104.113,9.63,266.493,1135303,1553.371,11875.9,35,14247.102,0.44
10/1/2009,18.79,58.47,308285,218.614,3809.919,14644.011,7804640,1382751,14628.021,14791.715,1143.889,9.93,265.725,1140741,1704.953,11875.9,35,14480.317,0.44
1/1/2010,18.9,58.5,308901.66,218.911,3941.568,14778.028,7774624,1448135,14721.35,14915.441,1213.369,9.83,260.547,1191795,1786.945,13528.8,35,14583.937,0.44
4/1/2010,19,58.6,309459.66,221.624,3984.98,15014.683,7918168,1475490,14926.098,15121.332,1257.379,9.63,249.717,1213243,1779.315,13528.8,35,14819.448,0.44
7/1/2010,19.09,58.53,310062.34,221.944,3950.905,15288.818,7990231,1535485,15079.917,15269.06,1297.148,9.47,269.364,1256304,1879.334,13528.8,35,15099.675,0.44
10/1/2010,19.21,58.27,310674.34,222.504,3974.828,15429.56,8048854,1580441,15240.843,15445.256,1326.495,9.5,283.52,1289139,1890.461,13528.8,35,15225.147,0.44
1/1/2011,19.31,58.37,311176.34,222.959,3978.042,15536.745,8177679,1711691,15285.828,15502.925,1458.521,9.03,286.578,1426570,1749.344,14764.2,35,15319.648,0.45
4/1/2011,19.39,58.3,311684,224.901,4044.735,15755.711,8214104,1730975,15496.189,15716.572,1476.191,9.07,290.775,1445862,1814.197,14764.2,35,15535.328,0.45
7/1/2011,19.47,58.3,312292.66,225.63,3927.497,15937.431,8295333,1727808,15591.85,15837.248,1471.733,9,298.328,1471428,1795.846,14764.2,35,15692.033,0.45
10/1/2011,19.56,58.53,312887,226.887,3961.752,16113.209,8248936,1767342,15796.46,16059.096,1507.169,8.63,300.675,1470904,1913.534,14764.2,35,15850.573,0.45
1/1/2012,19.61,58.47,313385.34,227.915,3911.391,16533.771,8464321,1788212,16019.758,16268.022,1529.118,8.27,300.248,1468324,2199.909,16050.9,35,16285.508,0.45
4/1/2012,19.69,58.5,313888.34,228.259,3899.005,16637.595,8512111,1821921,16152.257,16380.378,1556.654,8.2,306.995,1487683,2135.981,16050.9,35,16409.474,0.45
7/1/2012,19.75,58.53,314488,229.911,3857.708,16631.483,8554266,1851723,16257.151,16485.807,1575.77,8.03,316.237,1510004,2160.051,16050.9,35,16402.827,0.45
10/1/2012,19.84,58.73,315085,230.431,3938.59,16873.645,8770786,1914555,16358.863,16583.025,1630.259,7.8,328.84,1572046,2128.47,16050.9,35,16649.483,0.45
1/1/2013,19.98,58.57,315539,231.51,3853.499,16941.741,8740945,2010710,16569.591,16783.69,1710.007,7.73,346.5,1649989,2127.093,16719.4,39.6,16727.644,0.46
4/1/2013,20.07,58.6,316019.66,232.084,3863.91,17105.535,8828114,2039654,16637.926,16866.179,1731.142,7.53,355.687,1682490,2114.721,16719.4,39.6,16877.282,0.46
7/1/2013,20.18,58.7,316626,233.017,3861.041,17213.045,8854208,2039648,16848.748,17090.464,1754.342,7.23,336.008,1674895,2157.51,16719.4,39.6,16971.329,0.46
10/1/2013,20.3,58.53,317244,234.456,3850.332,17429.775,8951284,2066039,17083.137,17321.999,1784.051,6.93,334.193,1698110,2206.766,16719.4,39.6,17190.912,0.46
1/1/2014,20.46,58.8,317760,234.445,3906.726,17596.532,9123341,2148537,17104.555,17347.936,1863.991,6.67,344.977,1744805,2171.327,17794.5,39.6,17353.151,0.45
4/1/2014,20.54,58.93,318287,236.917,3961.721,17943.381,9181919,2184221,17432.909,17668.435,1904.169,6.2,337.865,1758412,2290.948,17794.5,39.6,17707.856,0.45
7/1/2014,20.65,59.03,318920.66,237.831,3999.183,18266.006,9290227,2196464,17721.657,17980.646,1900.387,6.07,353.527,1798598,2315.635,17794.5,39.6,18007.017,0.45
10/1/2014,20.72,59.27,319556.66,239.813,3988.366,18413.915,9443131,2237365,17849.912,18076.267,1931.672,5.7,361.103,1836495,2279.979,17794.5,39.6,18187.56,0.45
1/1/2015,20.83,59.23,320057.34,240.532,4046.472,18522.052,9573603,2318995,18003.399,18226.27,2016.98,5.53,363.107,1904557,2185.428,18120.1,39.6,18299.182,0.45
4/1/2015,20.97,59.37,320577.66,241.411,3943.699,18677.004,9676041,2362586,18223.577,18435.732,2044.056,5.43,382.622,1942962,2208.945,18120.1,39.6,18464.848,0.45
7/1/2015,21.07,59.3,321205,242.683,4092.406,18773.283,9762001,2338059,18347.425,18560.868,2024.052,5.1,373.317,1947348,2123.057,18120.1,39.6,18559.841,0.45
10/1/2015,21.21,59.43,321831.66,243.786,4127.865,18811.698,9826496,2325254,18378.803,18611.869,2011.57,5.03,378.787,1964926,1995.626,18120.1,39.6,18578.632,0.45
1/1/2016,21.35,59.73,322354,244.668,4165.667,18881.339,9861093,2290476,18470.156,18684.316,1990.916,4.93,364.379,1924985,2059.355,19539.5,39.6,18667.179,0.45
4/1/2016,21.48,59.7,322871,244.926,4151.874,18936.427,9914029,2321200,18656.207,18874.494,2008.388,4.9,374.322,1945153,2128.449,19539.5,39.6,18718.139,0.45
7/1/2016,21.61,59.77,323472.66,246.083,4226.308,19109.291,10006800,2359945,18821.359,19043.655,2037.973,4.9,382.929,1971037,2132.103,19539.5,39.6,18886.995,0.45
10/1/2016,21.73,59.73,324048,246.432,4257.742,19350.18,10117458,2364574,19032.58,19306.048,2043.947,4.77,380.772,1990370,2180.163,19539.5,39.6,19076.712,0.45
1/1/2017,21.85,59.97,324496,247.221,4276.729,19628.907,10233292,2314407,19237.435,19514.131,1979.523,4.57,384.565,2001076,2212.399,20205.7,22.2,19352.211,0.46
4/1/2017,21.98,60.13,324948,248.985,4288.198,19839.821,10345869,2325219,19379.232,19646.842,2012.961,4.37,368.525,2005595,2205.061,20205.7,22.2,19572.211,0.46
7/1/2017,22.13,60.2,325475,249.512,4371.124,20051.798,10487644,2374484,19617.288,19918.646,2035.351,4.3,391.096,2052342,2256.509,20205.7,22.2,19750.44,0.46
10/1/2017,22.24,60.1,325962.66,251.248,4413.688,20346.344,10665568,2418071,19937.963,20261.505,2034.145,4.13,441.025,2127850,2058.853,20205.7,22.2,20022.802,0.46
1/1/2018,22.42,60.33,326325.34,252.073,4492.886,20634.346,10786382,2341401,20242.215,20556.782,1962.883,4.07,449.126,2085627,2155.961,21462.3,22.2,20319.778,0.45
4/1/2018,22.61,60.47,326703,253.649,4560.583,20824.756,10892574,2341824,20552.653,20844.207,1994.98,3.93,417.918,2064385,2185.285,21462.3,22.2,20533.203,0.45
7/1/2018,22.79,60.4,327166.66,254.704,4618.763,21107.295,11044852,2388683,20742.723,21002.69,2030.476,3.77,434.179,2100464,2195.733,21462.3,22.2,20847.329,0.45
10/1/2018,23,60.53,327602,254.931,4691.267,21251.89,11118459,2400766,20909.853,21182.604,2079.96,3.8,418.343,2090664,2209.692,21462.3,22.1,20979.138,0.45
1/1/2019,23.19,60.67,327923.34,255.486,4789.656,21394.299,11346900,2465250,21115.309,21361.815,2108.492,3.87,436.718,2170693,2188.925,22669.5,22.1,21147.793,0.45
4/1/2019,23.41,60.63,328270.34,255.857,4835.859,21618.405,11403563,2527400,21329.877,21601.036,2123.375,3.63,480.742,2222487,2243.806,22669.5,22.1,21347.247,0.45
7/1/2019,23.63,60.87,328729.34,256.817,4893.609,21745.088,11450075,2480182,21540.325,21820.08,2117.692,3.63,444.891,2197141,2203.38,22669.5,22.1,21465.332,0.45
10/1/2019,23.8,61,329186.34,257.332,4939.74,22002.259,11577444,2533521,21747.394,22028.479,2177.12,3.53,441.622,2221193,2313.064,22669.5,22.1,21721.174,0.45
1/1/2020,23.98,60.77,329529.34,255.269,5029.832,21914.503,11686291,2507944,21561.139,21804.322,2149.983,3.83,456.564,2252395,1994.653,16152.91,22.1,21671.321,0.47
4/1/2020,24.94,52.9,329897.34,227.746,9225.115,19616.236,10890349,2334261,19520.114,19671.986,1928.845,13.03,459.671,2095344,1793.842,16182.92,22.1,19486.387,0.47
